[
  {
    "id": "1",
    "name": "Avatar",
    "imageUrl": "https://picsum.photos/500/300"
  },
  {
    "id": "2",
    "name": "Avengers: Endgame",
    "imageUrl": "https://picsum.photos/500/300"
  },
  {
    "id": "3",
    "name": "Titanic",
    "imageUrl": "https://picsum.photos/500/300"
  },
  {
    "id": "4",
    "name": "Star Wars: The Force Awakening",
    "imageUrl": "https://picsum.photos/500/300"
  },
  {
    "id": "5",
    "name": "Avengers: Infinity Wars",
    "imageUrl": "https://picsum.photos/500/300"
  },
  {
    "id": "6",
    "name": "Jurassic World",
    "imageUrl": "https://picsum.photos/500/300"
  },
  {
    "id": "7",
    "name": "The Lion King",
    "imageUrl": "https://picsum.photos/500/300"
  },
  {
    "id": "8",
    "name": "Furious 7",
    "imageUrl": "https://picsum.photos/500/300"
  },
  {
    "id": "9",
    "name": "The Avengers",
    "imageUrl": "https://picsum.photos/500/300"
  },
  {
    "id": "10",
    "name": "Frozen II",
    "imageUrl": "https://picsum.photos/500/300"
  },
  {
    "id": "11",
    "name": "Avengers: Age of Ultron",
    "imageUrl": "https://picsum.photos/500/300"
  },
  {
    "id": "12",
    "name": "Black Panther",
    "imageUrl": "https://picsum.photos/500/300"
  },
  {
    "id": "13",
    "name": "Harry Potter and the Death Hallows: Part II",
    "imageUrl": "https://picsum.photos/500/300"
  },
  {
    "id": "14",
    "name": "Star Wars Ep. VIII: The Last Jedi",
    "imageUrl": "https://picsum.photos/500/300"
  }
]
